ABC,Lengkong
AHNasution,Cicadas
AHNasution,KopoSayati
AHNasution,StasiunKABandung
AHNasution,Suci
AHNasution,Supratman
Alunalun,BragaCityWalk
Ambon,CarefourKiaracondong
Ambon,PVJ
AsiaAfrika,KebonJati
AsiaAfrika,Naripan
AsiaAfrika,RSHS
AsiaAfrika,StasiunKABandung
AsiaAfrika,Tamansari
BabakanCiparay,Cibadak
BandaraHusein,Sukamiskin
Batununggal,BandaraHusein
BEC,BTC
BEC,DagoBawah
BEC,RSHS
Bikasoga,Martadinata
BIP,BIP
BIP,BIP
BIP,Braga
BIP,Cipaganti
BIP,DagoTengah
BIP,Djunjunan
BIP,GerlongHilir
BIP,JendralSudirman
BragaCityWalk,GerlongHilir
BragaCityWalk,Naripan
BragaCityWalk,Viaduct
BTC,Cicendo
BTC,Cimindi
BTC,DagoTengah
BTC,IstanaPlaza
BTC,LuarBdg
BTC,PVJ
BTC,RSHS
BuahBatu,Batununggal
Burangrang,DagoTengah
Burangrang,Laswi
Cibadak,Alunalun
Cibadak,Cigondewah
Cibadak,PasirKoja
Cicadas,LingkarSelatan
Cicadas,SuryaSumantri
Cicaheum,LuarBdg
Cicaheum,RSHS
Cicendo,Cicadas
CihampelasAtas,AHNasution
CihampelasAtas,CihampelasAtas
CihampelasAtas,Cihampelasbawah
CihampelasAtas,Ciwalk
CihampelasAtas,DagoAtas
CihampelasAtas,DagoAtas
CihampelasAtas,LebakSiliwangi
CihampelasAtas,Pungkur
CihampelasAtas,RSHS
CihampelasAtas,SetiabudiSelatan
CihampelasAtas,Suci
CihampelasAtas,Tamansari
Cihampelasbawah,AHNasution
Cihampelasbawah,AHNasution
Cihampelasbawah,Cicadas
Cihampelasbawah,GTBuahBatu
Cijerah,Cijerah
CIkutraBarat,Surapati
CikutraTimur,IstanaPlaza
Cimahi,LuarBdg
Cisaranten,Braga
Cisitu,BIP
Citarum,Cipaganti
Citarum,StasiunKABandung
Ciumbeuleuit,Ciumbeuleuit
Ciumbeuleuit,Ciwalk
Ciumbeuleuit,DipatiUkur
Ciumbeuleuit,SersanBajuri
Ciwalk,RSHS
DagoAtas,Cipaganti
DagoAtas,DagoBawah
DagoAtas,DagoBawah
DagoAtas,Djunjunan
DagoBawah,Cipagantibawah
DagoBawah,Katamso
DagoBawah,Leuwipanjang
DagoBawah,PVJ
DagoBawah,Suci
DagoBawah,Suci
DagoBawah,Tamansari
DagoTengah,Burangrang
DagoTengah,Djunjunan
DagoTengah,Laswi
DagoTengah,Suci
DewiSartika,Braga
DewiSartika,Cicadas
DewiSartika,Lengkong
DewiSartika,Suci
DipatiUkur,Tamansari
Djunjunan,Batununggal
Djunjunan,BTC
Djunjunan,Cipagantibawah
Djunjunan,LuarBdg
Djunjunan,Peta
Elang,Cimahi
Elang,Cimindi
Elang,DagoTengah
Elang,GTBuahBatu
Elang,IstanaPlaza
Elang,LuarBdg
Elang,MochTohaAtas
Elang,RajawaliTimur
Elang,SuryaSumantri
GatotSubroto,AsiaAfrika
GatotSubroto,Cipaganti
GatotSubroto,ITB
GatotSubroto,TSM
Gedungsate,Martadinata
GerlongHilir,Tamansari
GTKopo,LuarBdg
HOSCokro,CihampelasAtas
HOSCokro,Pajajaran
HOSCokro,StasiunKABandung
IstanaPlaza,BabakanCiparay
IstanaPlaza,Djunjunan
IstanaPlaza,PVJ
IstanaPlaza,StasiunKABandung
ITB,Ciwaruga
ITB,DagoTengah
Jakarta,Naripan
Jakarta,Viaduct
JalanAceh,JalanAceh
JalanAceh,LapangTegaLega
JalanAceh,Martadinata
JalanAceh,Sunda
Jatihandap,AHNasution
Jawa,AsiaAfrika
Jawa,Sederhana
KebonJati,AsiaAfrika
KebonJati,BandaraHusein
KebonJati,BandaraHusein
KebonJati,Braga
KebonJati,BragaCityWalk
KebonJati,BuahBatu
KebonJati,Burangrang
KebonJati,CarefourKiaracondong
KebonJati,Cibadak
KebonJati,Cigondewah
KebonJati,HOSCokro
KebonJati,IstanaPlaza
KebonJati,Jawa
KebonJati,KebonJati
KebonJati,KebonJati
KebonJati,KebonJati
KebonJati,KebonJati
KebonJati,KebonJati
KebonJati,KebonJati
KebonJati,KebonJati
KebonJati,KebonJati
KebonJati,KebonJati
KebonJati,KebonJati
KebonJati,KebonJati
KebonJati,KebonJati
KebonJati,KebonJati
KebonJati,KebonJati
KebonJati,KebonJati
KebonJati,KebonJati
KebonJati,KebonJati
KebonJati,KebonJati
KebonJati,KebonJati
KebonJati,KebonJati
KebonJati,KebonJati
KebonJati,KebonJati
KebonJati,KebonJati
KebonJati,KebonJati
KebonJati,KebonJati
KebonJati,KebonJati
KebonJati,KebonJati
KebonJati,LuarBdg
KebonJati,LuarBdg
KebonJati,MikoMall
KebonJati,Naripan
KebonJati,Naripan
KebonJati,Panyileukan
KebonJati,PasarBaru
KebonJati,RSHS
KebonJati,RSHS
KebonJati,RSHS
KebonJati,Samsat
KebonJati,SetiabudiUtara
KebonJati,StasiunKABandung
KebonJati,Sukamiskin
KiaraCondong,Martadinata
KiaraCondong,Martadinata
KiaraCondong,Pindad
Kings,Cicendo
KopoSayati,Pasirluyu
Kosambi,CikutraTimur
LapangTegaLega,GTPasteur
LapangTegaLega,Leuwipanjang
Laswi,AsiaAfrika
LebakSiliwangi,PHMustopha
Lembong,Cijerah
Lengkong,Lengkong
LotteMartSoe-Hatt,Margahayuraya
LuarBdg,BandaraHusein
LuarBdg,Braga
LuarBdg,Cijerah
LuarBdg,Cimindi
LuarBdg,Cipaganti
LuarBdg,Cipaganti
LuarBdg,DagoBawah
LuarBdg,IstanaPlaza
LuarBdg,IstanaPlaza
LuarBdg,Jakarta
LuarBdg,LapangTegaLega
LuarBdg,LuarBdg
LuarBdg,LuarBdg
LuarBdg,LuarBdg
LuarBdg,Pajajaran
LuarBdg,Sederhana
LuarBdg,Setrasari
LuarBdg,StasiunKABandung
LuarBdg,StasiunKABandung
LuarBdg,Sukajadi
Malabar,AHNasution
Malabar,BragaCityWalk
Malabar,DagoTengah
Malabar,JalanAceh
Margahayuraya,ABC
Margahayuraya,Katamso
Margahayuraya,Martadinata
Martadinata,AHNasution
Martadinata,AHNasution
Martadinata,BIP
Martadinata,BIP
Martadinata,BuahBatu
Martadinata,Cibadak
Martadinata,GatotSubroto
Martadinata,Martadinata
Martadinata,Martadinata
Martadinata,Martadinata
Martadinata,OtoIskandarDinata
Martadinata,Supratman
MochTohaAtas,KiaraCondong
OtoIskandarDinata,Lengkong
Pahlawan,Cicaheum
Pajajaran,AHNasution
Pajajaran,IstanaPlaza
Pajajaran,Kosambi
Pajajaran,LuarBdg
Pajajaran,Pajajaran
Pajajaran,StasiunKABandung
PasarBaru,AHNasution
PasarBaru,BandaraHusein
PasarBaru,Cipaganti
PasarBaru,DagoBawah
PasarBaru,IstanaPlaza
PasarBaru,KebonJati
PasarBaru,Malabar
PasarBaru,PasarBaru
PasarBaru,Sukarasa
PasarBaru,Tamansari
PasirImpun,Surapati
Peta,Karapitan
Pungkur,Cipagantibawah
Pungkur,LuarBdg
PVJ,Braga
PVJ,Cicaheum
PVJ,Cijerah
PVJ,Cipaganti
PVJ,Cipaganti
PVJ,Cipagantibawah
PVJ,DagoTengah
PVJ,GerlongHilir
PVJ,GTBuahBatu
PVJ,Hegarmanah
PVJ,KiaraCondong
PVJ,LuarBdg
PVJ,Margahayuraya
PVJ,Martadinata
PVJ,Naripan
PVJ,Pajajaran
PVJ,Pajajaran
PVJ,PVJ
PVJ,PVJ
PVJ,RSHS
PVJ,Sarijadi
PVJ,Sederhana
PVJ,Sederhana
PVJ,Setrasari
PVJ,Setrasari
PVJ,Setrasari
PVJ,Surapati
PVJ,Surapati
PVJ,Tamansari
PVJ,Tamansari
PVJ,TerusanJakarta
RajawaliTimur,Cipaganti
RajawaliTimur,Holis
Rancabali,LuarBdg
RayaKopo,RSHS
RayaResort,DagoAtas
RayaResort,Martadinata
RayaResort,Pajajaran
RiungBandung,Turangga
RSHS,BTC
RSHS,Cimahi
RSHS,Cipagantibawah
RSHS,RSHS
RSHS,RSHS
RSHS,SetiabudiSelatan
RSHS,Tamansari
SadangSerang,Sunda
Sederhana,IstanaPlaza
SersanBajuri,Setrasari
SetiabudiUtara,Ciwalk
SetiabudiUtara,GatotSubroto
SetiabudiUtara,Sukarasa
Setrasari,BTC
Setrasari,Djunjunan
Setrasari,KiaraCondong
Setrasari,RayaKopo
Setrasari,SuryaSumantri
Sidomukti,Cipaganti
StasiunKABandung,Burangrang
StasiunKABandung,Cibaduyut
StasiunKABandung,Cicaheum
StasiunKABandung,CihampelasAtas
StasiunKABandung,Cimindi
StasiunKABandung,Cipaganti
StasiunKABandung,DagoTengah
StasiunKABandung,GerlongHilir
StasiunKABandung,ITB
StasiunKABandung,ITB
StasiunKABandung,JendralSudirman
StasiunKABandung,LebakSiliwangi
StasiunKABandung,LuarBdg
StasiunKABandung,Martadinata
StasiunKABandung,PajajaranWayang
StasiunKABandung,RayaKopo
StasiunKABandung,StasiunKABandung
StasiunKABandung,StasiunKABandung
StasiunKABandung,StasiunKABandung
StasiunKABandung,StasiunKABandung
StasiunKABandung,StasiunKABandung
StasiunKABandung,Suci
StasiunKABandung,Surapati
StasiunKABandung,Surapati
StasiunKABandung,TerusanJakarta
StasiunKABandung,TolPasteur
StasiunKAKircon,Panyileukan
Suci,Ciumbeuleuit
Sukajadi,AHNasution
Sukajadi,BandaraHusein
Sukajadi,DagoAtas
Sukajadi,LebakSiliwangi
Sukajadi,Lembong
Sukajadi,Pagarsih
Sukajadi,PVJ
Sukajadi,Surapati
Sukajadi,Tamansari
Sukamiskin,TerusanJakarta
Sumatra,StasiunKABandung
Supratman,StasiunKABandung
Supratman,Supratman
Surapati,DagoBawah
Surapati,Martadinata
SuryaSumantri,Setrasari
Tamansari,Cipaganti
Tamansari,KebonJati
Tamansari,Kosambi
TerminalLeuwipanjang,Cibiru
TerminalLeuwipanjang,LuarBdg
TerusanBuahBatu,Bikasoga
TerusanBuahBatu,Karapitan
TerusanBuahBatu,MetroIndahMall
TerusanJakarta,Braga
TSM,Gedebage
TSM,Pindad
TSM,RSHS
Turangga,BKR
UjungBerung,Margahayuraya
Unpad,DagoAtas
Viaduct,Cibadak
Viaduct,Cicendo
Viaduct,Cijerah
Viaduct,CukangKawung
Viaduct,LuarBdg
Viaduct,Malabar
Viaduct,Naripan
