ABC,Cipaganti
ABC,KebonJati
ABC,Lengkong
ABC,LuarBdg
ABC,Sukamiskin
AHNasution,Cicadas
AHNasution,Leuwipanjang
AHNasution,Martadinata
AHNasution,Peta
AHNasution,StasiunKABandung
AHNasution,Supratman
Alunalun,Alunalun
Alunalun,AsiaAfrika
Alunalun,BIP
Alunalun,BragaCityWalk
Alunalun,Cibadak
Alunalun,Cibaduyut
Alunalun,CihampelasAtas
Alunalun,DagoBawah
Alunalun,GunungBatu
Alunalun,IstanaPlaza
Alunalun,Kings
Alunalun,Lengkong
Alunalun,LuarBdg
Alunalun,PVJ
Alunalun,StasiunKABandung
Alunalun,Supratman
Ambon,Ambon
Ambon,BIP
Ambon,BragaCityWalk
Ambon,Djunjunan
Ambon,Martadinata
Ambon,PVJ
Ambon,RSHS
Antapani,SetiabudiUtara
Arcamanik,TerusanJakarta
AsiaAfrika,Alunalun
AsiaAfrika,AsiaAfrika
AsiaAfrika,Belitung
AsiaAfrika,Braga
AsiaAfrika,BragaCityWalk
AsiaAfrika,BragaCityWalk
AsiaAfrika,BuahBatu
AsiaAfrika,Cimuncang
AsiaAfrika,DagoBawah
AsiaAfrika,DagoTengah
AsiaAfrika,Djunjunan
AsiaAfrika,IstanaPlaza
AsiaAfrika,JendralSudirman
AsiaAfrika,KebonJati
AsiaAfrika,Kings
AsiaAfrika,LuarBdg
AsiaAfrika,Martadinata
AsiaAfrika,Martadinata
AsiaAfrika,RSHS
AsiaAfrika,RSHS
AsiaAfrika,Sumatra
AsiaAfrika,SuryaSumantri
AsiaAfrika,Tamansari
AsiaAfrika,Veteran
AsiaAfrika,Viaduct
Awilinggar,Cipaganti
BabakanCiparay,Cibadak
BabakanCiparay,Cigelereng
BabakanCiparay,LuarBdg
BabakanCiparay,StasiunKABandung
BabakanJeruk,StasiunKABandung
BabakanJeruk,TerminalLeuwipanjang
BandaraHusein,Batununggal
BandaraHusein,Cicendo
BandaraHusein,Cihanjuang
BandaraHusein,DagoAtas
BandaraHusein,GatotSubroto
BandaraHusein,LuarBdg
BandaraHusein,MochTohaAtas
BandaraHusein,Pajajaran
BandaraHusein,Pajajaran
BandaraHusein,RSHS
BandaraHusein,Sukamiskin
BandaraHusein,Tamansari
Batununggal,LuarBdg
BEC,AsiaAfrika
BEC,BandaraHusein
BEC,BEC
BEC,BTC
BEC,BTC
BEC,CihampelasAtas
BEC,CihampelasAtas
BEC,Cisaranten
BEC,Ciumbeuleuit
BEC,DagoAtas
BEC,DagoBawah
BEC,JalanAceh
BEC,JendralSudirman
BEC,Lengkong
BEC,LuarBdg
BEC,OtoIskandarDinata
BEC,RSHS
BEC,RSHS
BEC,SetiabudiSelatan
BEC,SetiabudiSelatan
BEC,StasiunKABandung
BEC,Tamansari
BEC,TerusanJakarta
BEC,Unpad
Belitung,Gedungsate
Bengawan,KiaraCondong
Bikasoga,BKR
Bikasoga,Martadinata
BIP,AsiaAfrika
BIP,BIP
BIP,BIP
BIP,BIP
BIP,BIP
BIP,BIP
BIP,Braga
BIP,Braga
BIP,BragaCityWalk
BIP,Cibadak
BIP,Cicadas
BIP,Cicadas
BIP,Cicaheum
BIP,Cipagantibawah
BIP,Cipagantibawah
BIP,Ciwaruga
BIP,DagoBawah
BIP,DagoBawah
BIP,DagoBawah
BIP,DagoBawah
BIP,DagoTengah
BIP,DagoTengah
BIP,Djunjunan
BIP,Djunjunan
BIP,Jakarta
BIP,JalanAceh
BIP,LuarBdg
BIP,LuarBdg
BIP,Margacinta
BIP,Martadinata
BIP,Martadinata
BIP,Naripan
BIP,Padasuka
BIP,PasarBaru
BIP,Peta
BIP,RSHS
BIP,StasiunKABandung
BIP,Sukapura
BIP,SultanAgung
BIP,TerusanJakarta
BIP,Veteran
BKR,LuarBdg
BKR,Malabar
BKR,Supratman
Braga,Alunalun
Braga,AsiaAfrika
Braga,BandaraHusein
Braga,BragaCityWalk
Braga,Cicadas
Braga,CikutraTimur
Braga,Jawa
Braga,JendralSudirman
Braga,Naripan
Braga,Tamansari
BragaCityWalk,DagoAtas
BragaCityWalk,Martadinata
BragaCityWalk,Naripan
BragaCityWalk,SetiabudiSelatan
BragaCityWalk,Sukajadi
BragaCityWalk,SuryaSumantri
BragaCityWalk,Tamansari
BragaCityWalk,Tamansari
BragaCityWalk,Veteran
BragaCityWalk,Viaduct
BTC,AsiaAfrika
BTC,BandaraHusein
BTC,BandaraHusein
BTC,BandaraHusein
BTC,Braga
BTC,BragaCityWalk
BTC,BTC
BTC,BTC
BTC,Cicendo
BTC,Ciwaruga
BTC,DagoGiri
BTC,DagoTengah
BTC,DipatiUkur
BTC,Djunjunan
BTC,IstanaPlaza
BTC,IstanaPlaza
BTC,KebonJati
BTC,Lengkong
BTC,LuarBdg
BTC,Malabar
BTC,Pajajaran
BTC,Pajajaran
BTC,PVJ
BTC,PVJ
BTC,RSHS
BTC,RSHS
BTC,RSHS
BTC,Sederhana
BTC,SetiabudiSelatan
BTC,Sukajadi
BTC,Sukamulya
BTC,Surapati
BTC,Tamansari
BTC,Tamansari
BTC,Tamansari
BuahBatu,CihampelasAtas
BuahBatu,LuarBdg
BuahBatu,Suci
Burangrang,Bikasoga
Burangrang,BragaCityWalk
Burangrang,GatotSubroto
Burangrang,Kosambi
Burangrang,Laswi
Burangrang,Laswi
Burangrang,SuryaSumantri
Burangrang,TSM
Cibadak,Alunalun
Cibadak,BIP
Cibadak,Cibadak
Cibadak,Cigondewah
Cibadak,Gardujati
Cibadak,JendralSudirman
Cibadak,KebonJati
Cibadak,LuarBdg
Cibadak,PasarBaru
Cibadak,RajawaliTimur
Cibadak,Tamansari
Cibaduyut,BKR
Cibaduyut,DagoBawah
Cibaduyut,Gardujati
Cibaduyut,LapangTegaLega
Cibaduyut,LuarBdg
Cibaduyut,MikoMall
Cibaduyut,Pasirluyu
CibaduyutKidul,GatotSubroto
Cibereum,Cijerah
Cibereum,Pagarsih
Cicadas,AHNasution
Cicadas,BandaraHusein
Cicadas,BandaraHusein
Cicadas,DagoTengah
Cicadas,LapangTegaLega
Cicadas,Pahlawan
Cicadas,PHMustopha
Cicadas,SuryaSumantri
Cicaheum,LuarBdg
Cicaheum,RSHS
Cicaheum,Suci
Cicaheum,Sukamiskin
Cicendo,Cicadas
Cicendo,Djunjunan
Cicendo,StasiunKABandung
Cigadung,Laswi
Cigondewah,BabakanCiparay
Cigondewah,Djunjunan
Cigondewah,SuryaSumantri
CihampelasAtas,AsiaAfrika
CihampelasAtas,Cibadak
CihampelasAtas,CihampelasAtas
CihampelasAtas,CihampelasAtas
CihampelasAtas,CihampelasAtas
CihampelasAtas,Cihampelasbawah
CihampelasAtas,CIkutraBarat
CihampelasAtas,Cipaganti
CihampelasAtas,Cipaganti
CihampelasAtas,Ciwalk
CihampelasAtas,DagoAtas
CihampelasAtas,DagoAtas
CihampelasAtas,Djunjunan
CihampelasAtas,GatotSubroto
CihampelasAtas,GatotSubroto
CihampelasAtas,LapangTegaLega
CihampelasAtas,LebakSiliwangi
CihampelasAtas,LebakSiliwangi
CihampelasAtas,LebakSiliwangi
CihampelasAtas,LuarBdg
CihampelasAtas,PHMustopha
CihampelasAtas,PVJ
CihampelasAtas,RSHS
CihampelasAtas,SetiabudiSelatan
CihampelasAtas,StasiunKABandung
CihampelasAtas,StasiunKABandung
CihampelasAtas,StasiunKABandung
CihampelasAtas,Suci
CihampelasAtas,Tamansari
CihampelasAtas,Tamansari
CihampelasAtas,TerusanJakarta
Cihampelasbawah,AHNasution
Cihampelasbawah,BEC
Cihampelasbawah,Braga
Cihampelasbawah,Cicadas
Cihampelasbawah,CihampelasAtas
Cihampelasbawah,Cihampelasbawah
Cihampelasbawah,Cihampelasbawah
Cihampelasbawah,Cihampelasbawah
Cihampelasbawah,Cihampelasbawah
Cihampelasbawah,Cihampelasbawah
Cihampelasbawah,Cipaganti
Cihampelasbawah,Cipaganti
Cihampelasbawah,GTKopo
Cihampelasbawah,Karapitan
Cihampelasbawah,LapangTegaLega
Cihampelasbawah,LuarBdg
Cihampelasbawah,LuarBdg
Cihampelasbawah,Pajajaran
Cihampelasbawah,Pelesiran
Cihampelasbawah,PHMustopha
Cihampelasbawah,RSHS
Cihampelasbawah,RSHS
Cihampelasbawah,Sederhana
Cihampelasbawah,SetiabudiUtara
Cihampelasbawah,Tubagus
Cihanjuang,LuarBdg
Cijerah,MikoMall
Cijerah,Pajajaran
Cijerah,RSHS
CIkutraBarat,BIP
CIkutraBarat,LapangTegaLega
CIkutraBarat,Surapati
CikutraTimur,IstanaPlaza
Cimahi,Elang
Cimahi,Elang
Cimindi,Cimindi
Cimindi,Cipaganti
Cimindi,Cipagantibawah
Cimindi,GTPasteur
Cimindi,KebonJati
Cimindi,Setrasari
Cipaganti,BTC
Cipaganti,Cipaganti
Cipaganti,Cipaganti
Cipaganti,HOSCokro
Cipaganti,LuarBdg
Cipaganti,PVJ
Cipaganti,RSHS
Cipaganti,Setrasari
Cipaganti,Sukajadi
Cipaganti,Sukarasa
Cipaganti,Tamansari
Cipaganti,Tamansari
Cipaganti,Tamansari
Cipaganti,Tamansari
Cipaganti,TerusanBuahBatu
Cipaganti,Viaduct
Cipagantibawah,CihampelasAtas
Cipagantibawah,CihampelasAtas
Cipagantibawah,PasarBaru
Cipagantibawah,PVJ
Cipagantibawah,RSHS
Cipagantibawah,SersanBajuri
Cipagantibawah,SetiabudiSelatan
Cipagantibawah,Tamansari
Cipagantibawah,TerusanJakarta
Cipaku,Cijerah
Cipaku,Surapati
Cipedes,CihampelasAtas
Cipedes,RSHS
Cisaranten,BEC
Cisaranten,Braga
Cisaranten,LapangTegaLega
Cisitu,ITB
Cisitu,Tamansari
Citarum,Cihampelasbawah
Citarum,Cijerah
Citarum,DagoBawah
Citarum,LuarBdg
Citarum,Martadinata
Citarum,StasiunKABandung
Ciumbeuleuit,Cibaduyut
Ciumbeuleuit,Cigondewah
Ciumbeuleuit,CihampelasAtas
Ciumbeuleuit,Ciumbeuleuit
Ciumbeuleuit,Ciumbeuleuit
Ciumbeuleuit,Ciumbeuleuit
Ciumbeuleuit,Ciumbeuleuit
Ciumbeuleuit,Ciumbeuleuit
Ciumbeuleuit,Ciumbeuleuit
Ciumbeuleuit,Ciumbeuleuit
Ciumbeuleuit,Ciumbeuleuit
Ciumbeuleuit,Ciwalk
Ciumbeuleuit,Ciwalk
Ciumbeuleuit,Ciwalk
Ciumbeuleuit,DagoAtas
Ciumbeuleuit,DagoTengah
Ciumbeuleuit,DagoTengah
Ciumbeuleuit,DagoTengah
Ciumbeuleuit,LebakSiliwangi
Ciumbeuleuit,LebakSiliwangi
Ciumbeuleuit,LuarBdg
Ciumbeuleuit,LuarBdg
Ciumbeuleuit,PHMustopha
Ciumbeuleuit,PVJ
Ciumbeuleuit,Sederhana
Ciumbeuleuit,SersanBajuri
Ciumbeuleuit,SetiabudiSelatan
Ciumbeuleuit,SetiabudiUtara
Ciumbeuleuit,Sukajadi
Ciumbeuleuit,SuryaSumantri
Ciumbeuleuit,Tubagus
Ciumbeuleuit,UjungBerung
Ciwalk,AsiaAfrika
Ciwalk,BIP
Ciwalk,Cicendo
Ciwalk,CihampelasAtas
Ciwalk,CihampelasAtas
Ciwalk,Cipagantibawah
Ciwalk,Ciumbeuleuit
Ciwalk,DagoBawah
Ciwalk,Kosambi
Ciwalk,PVJ
Ciwalk,RSHS
Ciwalk,SetiabudiSelatan
Ciwalk,Surapati
Ciwalk,Tamansari
Ciwalk,Viaduct
DagoAtas,BIP
DagoAtas,Braga
DagoAtas,Cipaganti
DagoAtas,DagoAtas
DagoAtas,DagoAtas
DagoAtas,DagoBawah
DagoAtas,DagoTengah
DagoAtas,DagoTengah
DagoAtas,DagoTengah
DagoAtas,DagoTengah
DagoAtas,Djunjunan
DagoAtas,GunungBatu
DagoAtas,LebakSiliwangi
DagoAtas,LebakSiliwangi
DagoAtas,SultanAgung
DagoAtas,Tamansari
DagoAtas,TerminalLeuwipanjang
DagoAtas,TerusanJakarta
DagoBawah,Ambon
DagoBawah,Cibadak
DagoBawah,DagoAtas
DagoBawah,DagoBawah
DagoBawah,DagoTengah
DagoBawah,DagoTengah
DagoBawah,GatotSubroto
DagoBawah,GTPasteur
DagoBawah,ITB
DagoBawah,JalanAceh
DagoBawah,JalanAceh
DagoBawah,Jawa
DagoBawah,Katamso
DagoBawah,KopoSayati
DagoBawah,Lembong
DagoBawah,Leuwipanjang
DagoBawah,OtoIskandarDinata
DagoBawah,PVJ
DagoBawah,PVJ
DagoBawah,Suci
DagoBawah,SultanAgung
DagoBawah,Tamansari
DagoBawah,TerusanJakarta
DagoBawah,Unpad
DagoPakar,Cibadak
DagoPakar,Gasibu
DagoPakar,LebakSiliwangi
DagoTengah,Bengawan
DagoTengah,Cicadas
DagoTengah,Cicendo
DagoTengah,CihampelasAtas
DagoTengah,CihampelasAtas
DagoTengah,Cipagantibawah
DagoTengah,Ciumbeuleuit
DagoTengah,DagoBawah
DagoTengah,Djunjunan
DagoTengah,IstanaPlaza
DagoTengah,LuarBdg
DagoTengah,RSHS
DagoTengah,Suci
DagoTengah,Sukajadi
DagoTengah,Tamansari
DagoTengah,Tamansari
DagoTengah,Tamansari
DalemKaum,LuarBdg
DewiSartika,Braga
DewiSartika,Cicadas
DewiSartika,Cipaganti
DewiSartika,DewiSartika
DewiSartika,DewiSartika
DewiSartika,IstanaPlaza
DewiSartika,Jatihandap
DewiSartika,Kings
DewiSartika,Kings
DewiSartika,Kosambi
DewiSartika,LapangTegaLega
DewiSartika,Lengkong
DewiSartika,Leuwipanjang
DewiSartika,LuarBdg
DewiSartika,Malabar
DewiSartika,Pagarsih
DewiSartika,Supratman
DewiSartika,Supratman
DewiSartika,Tamansari
DewiSartika,Tamansari
DipatiUkur,DipatiUkur
DipatiUkur,LebakSiliwangi
DipatiUkur,Unpad
Djunjunan,BIP
Djunjunan,BIP
Djunjunan,Ciwalk
Djunjunan,DagoAtas
Djunjunan,DagoBawah
Djunjunan,GerlongHilir
Djunjunan,KiaraCondong
Djunjunan,SetiabudiUtara
Djunjunan,Tamansari
Elang,Cimahi
Elang,Cimindi
Elang,DagoTengah
Elang,Elang
Elang,GunungBatu
Elang,IstanaPlaza
Elang,LuarBdg
Elang,LuarBdg
Elang,Pajajaran
Elang,RajawaliTimur
Elang,SuryaSumantri
Gardujati,BragaCityWalk
Gardujati,JendralSudirman
Gardujati,RayaKopo
Gardujati,Viaduct
Gasibu,DagoTengah
Gasibu,GatotSubroto
GatotSubroto,AsiaAfrika
GatotSubroto,BandaraHusein
GatotSubroto,BragaCityWalk
GatotSubroto,Cibadak
GatotSubroto,Cipaganti
GatotSubroto,GatotSubroto
GatotSubroto,Gedungsate
GatotSubroto,HOSCokro
GatotSubroto,ITB
GatotSubroto,Leuwipanjang
GatotSubroto,LuarBdg
GatotSubroto,Pungkur
GatotSubroto,RiungBandung
GatotSubroto,RSAlIslam
GatotSubroto,RSHS
GatotSubroto,TSM
Gedebage,Surapati
Gedebage,TerminalLeuwipanjang
Gedungsate,BIP
Gedungsate,Gedungsate
Gedungsate,HOSCokro
Gedungsate,IstanaPlaza
Gedungsate,Martadinata
Gedungsate,TerusanJakarta
GerlongHilir,Cipaganti
GerlongHilir,GerlongHilir
GerlongHilir,Naripan
GTBuahBatu,BuahBatu
GTBuahBatu,Turangga
GTKopo,LuarBdg
GTMochToha,GTPasteur
GTPasteur,BTC
GTPasteur,LuarBdg
GunungBatu,Djunjunan
GunungBatu,GunungBatu
GunungBatu,GunungBatu
Hegarmanah,Cipaganti
Hegarmanah,DagoAtas
Hegarmanah,Martadinata
Holis,IstanaPlaza
Holis,RSHS
HOSCokro,CihampelasAtas
HOSCokro,Cipagantibawah
HOSCokro,Djunjunan
HOSCokro,GunungBatu
HOSCokro,LuarBdg
HOSCokro,LuarBdg
IstanaPlaza,BIP
IstanaPlaza,PVJ
IstanaPlaza,PVJ
IstanaPlaza,PVJ
IstanaPlaza,PVJ
IstanaPlaza,RSHS
IstanaPlaza,SetiabudiUtara
IstanaPlaza,StasiunKABandung
ITB,Ciwaruga
ITB,DagoTengah
Jakarta,Martadinata
Jakarta,Martadinata
Jakarta,Naripan
JalanAceh,BIP
JalanAceh,Cicadas
JalanAceh,CihampelasAtas
JalanAceh,DagoGiri
JalanAceh,DagoTengah
JalanAceh,GTBuahBatu
JalanAceh,KiaraCondong
JalanAceh,LuarBdg
JalanAceh,Martadinata
JalanAceh,Martadinata
JalanAceh,Martadinata
JalanAceh,PVJ
JalanAceh,SultanAgung
JalanAceh,Veteran
Jatihandap,AHNasution
Jawa,AsiaAfrika
Jawa,Gedungsate
Jawa,SuryaSumantri
Karapitan,Jakarta
Katamso,Cipaganti
Katamso,Katamso
Katamso,Supratman
KebonJati,Ambon
KebonJati,AsiaAfrika
KebonJati,AsiaAfrika
KebonJati,AsiaAfrika
KebonJati,BandaraHusein
KebonJati,Batununggal
KebonJati,Braga
KebonJati,Burangrang
KebonJati,CarefourKiaracondong
KebonJati,Cibadak
KebonJati,Cibereum
KebonJati,Cicadas
KebonJati,Cicadas
KebonJati,Cicaheum
KebonJati,Cijambe
KebonJati,Cijerah
KebonJati,CIkutraBarat
KebonJati,Cimahi
KebonJati,Cimahi
KebonJati,Cipagantibawah
KebonJati,DagoBawah
KebonJati,Gardujati
KebonJati,GatotSubroto
KebonJati,GTBuahBatu
KebonJati,GTMochToha
KebonJati,GTPasteur
KebonJati,GunungBatu
KebonJati,JalanAceh
KebonJati,JalanAceh
KebonJati,KebonJati
KebonJati,KebonJati
KebonJati,KebonJati
KebonJati,KebonJati
KebonJati,KebonJati
KebonJati,KebonJati
KebonJati,KebonJati
KebonJati,KebonJati
KebonJati,KebonJati
KebonJati,KebonJati
KebonJati,KebonJati
KebonJati,KebonJati
KebonJati,KebonJati
KebonJati,KebonJati
KebonJati,KebonJati
KebonJati,Kosambi
KebonJati,LapangTegaLega
KebonJati,LuarBdg
KebonJati,LuarBdg
KebonJati,LuarBdg
KebonJati,LuarBdg
KebonJati,LuarBdg
KebonJati,LuarBdg
KebonJati,LuarBdg
KebonJati,MetroIndahMall
KebonJati,MikoMall
KebonJati,Naripan
KebonJati,Naripan
KebonJati,Panyileukan
KebonJati,PasarBaru
KebonJati,PasarBaru
KebonJati,RayaKopo
KebonJati,RiungBandung
KebonJati,RSHS
KebonJati,RSHS
KebonJati,StasiunKABandung
KebonJati,StasiunKABandung
KebonJati,Sukamiskin
KebonJati,Supratman
KebonJati,SuryaSumantri
KebonJati,SuryaSumantri
KebonJati,TSM
KebonJati,Viaduct
KebonJati,Viaduct
KebonJati,Viaduct
KiaraCondong,ABC
KiaraCondong,Cibaduyut
KiaraCondong,Martadinata
KiaraCondong,Martadinata
KiaraCondong,Martadinata
Kings,Alunalun
Kings,Cibadak
Kings,Cicadas
Kings,Cicendo
Kings,Cimindi
Kings,JendralSudirman
Kings,LapangTegaLega
Kings,LuarBdg
Kings,LuarBdg
Kings,Peta
Kings,SuryaSumantri
Kings,TSM
KopoSayati,GTKopo
KopoSayati,TSM
Kosambi,AsiaAfrika
Kosambi,BragaCityWalk
Kosambi,CihampelasAtas
Kosambi,CikutraTimur
Kosambi,DagoBawah
KPAD,Cipagantibawah
KPAD,Ciwaruga
KPAD,Setrasari
LapangTegaLega,Alunalun
LapangTegaLega,LapangTegaLega
LapangTegaLega,Lengkong
LapangTegaLega,Leuwipanjang
LapangTegaLega,LuarBdg
Laswi,AsiaAfrika
Laswi,AsiaAfrika
Laswi,Gedungsate
Laswi,Laswi
Laswi,LuarBdg
Laswi,Naripan
Laswi,StasiunKABandung
Laswi,TSM
LebakSiliwangi,CihampelasAtas
LebakSiliwangi,CihampelasAtas
LebakSiliwangi,DagoAtas
LebakSiliwangi,PHMustopha
Lembong,RSHS
Lembong,Sidomukti
Lengkong,CihampelasAtas
LingkarSelatan,Cipaganti
LingkarSelatan,TerusanJakarta
Lodaya,CihampelasAtas
LotteMartSoe-Hatt,Margahayuraya
LuarBdg,Alunalun
LuarBdg,AsiaAfrika
LuarBdg,AsiaAfrika
LuarBdg,BandaraHusein
LuarBdg,BIP
LuarBdg,Braga
LuarBdg,BuahBatu
LuarBdg,Cicendo
LuarBdg,Cigondewah
LuarBdg,CihampelasAtas
LuarBdg,CihampelasAtas
LuarBdg,Cihampelasbawah
LuarBdg,Cijerah
LuarBdg,Cijerah
LuarBdg,Cimindi
LuarBdg,Cipaganti
LuarBdg,Cipaganti
LuarBdg,Cipagantibawah
LuarBdg,DagoAtas
LuarBdg,DagoAtas
LuarBdg,Djunjunan
LuarBdg,Djunjunan
LuarBdg,Djunjunan
LuarBdg,Elang
LuarBdg,Gardujati
LuarBdg,GatotSubroto
LuarBdg,GTBuahBatu
LuarBdg,GTPasteur
LuarBdg,GTPasteur
LuarBdg,Jakarta
LuarBdg,KebonJati
LuarBdg,Kosambi
LuarBdg,KPAD
LuarBdg,LapangTegaLega
LuarBdg,LotteMartSoe-Hatt
LuarBdg,LuarBdg
LuarBdg,LuarBdg
LuarBdg,LuarBdg
LuarBdg,LuarBdg
LuarBdg,LuarBdg
LuarBdg,LuarBdg
LuarBdg,LuarBdg
LuarBdg,LuarBdg
LuarBdg,LuarBdg
LuarBdg,MochTohaAtas
LuarBdg,MochTohaAtas
LuarBdg,Naripan
LuarBdg,Peta
LuarBdg,Polban
LuarBdg,Pungkur
LuarBdg,RSHS
LuarBdg,RSHS
LuarBdg,RSHS
LuarBdg,Setrasari
LuarBdg,StasiunKABandung
LuarBdg,StasiunKAKircon
LuarBdg,Sukamiskin
LuarBdg,Sunda
LuarBdg,Sunda
LuarBdg,TerminalLeuwipanjang
LuarBdg,TerusanBuahBatu
LuarBdg,TerusanJakarta
LuarBdg,TSM
Malabar,AHNasution
Malabar,Alunalun
Malabar,BragaCityWalk
Malabar,BragaCityWalk
Malabar,BragaCityWalk
Malabar,Cipaganti
Malabar,GatotSubroto
Malabar,GatotSubroto
Malabar,Jakarta
Malabar,JalanAceh
Malabar,Pungkur
Malabar,TerminalLeuwipanjang
Malabar,Viaduct
Maleber,LuarBdg
Maleber,StasiunKABandung
Margacinta,Cicadas
Margacinta,Jakarta
Margahayuraya,ABC
Margahayuraya,Cijerah
Margahayuraya,Jakarta
Margahayuraya,Katamso
Margahayuraya,Samsat
Margahayuraya,Samsat
Margahayuraya,Tamansari
Martadinata,AHNasution
Martadinata,AsiaAfrika
Martadinata,AsiaAfrika
Martadinata,BIP
Martadinata,BIP
Martadinata,BIP
Martadinata,BIP
Martadinata,BIP
Martadinata,BIP
Martadinata,BIP
Martadinata,BragaCityWalk
Martadinata,BuahBatu
Martadinata,Cibadak
Martadinata,Cicendo
Martadinata,CihampelasAtas
Martadinata,Cihampelasbawah
Martadinata,Cijerah
Martadinata,Cipaganti
Martadinata,Citarum
Martadinata,DagoAtas
Martadinata,DagoTengah
Martadinata,DagoTengah
Martadinata,DagoTengah
Martadinata,DagoTengah
Martadinata,GatotSubroto
Martadinata,GatotSubroto
Martadinata,JalanAceh
Martadinata,KiaraCondong
Martadinata,Kosambi
Martadinata,KPAD
Martadinata,LapangTegaLega
Martadinata,Laswi
Martadinata,Lodaya
Martadinata,LuarBdg
Martadinata,LuarBdg
Martadinata,Martadinata
Martadinata,Martadinata
Martadinata,Martadinata
Martadinata,Martadinata
Martadinata,Martadinata
Martadinata,Martadinata
Martadinata,Martadinata
Martadinata,Martadinata
Martadinata,PHMustopha
Martadinata,PVJ
Martadinata,RSHS
Martadinata,RSHS
Martadinata,SetiabudiSelatan
Martadinata,StasiunKABandung
Martadinata,Sumatra
Martadinata,Supratman
Martadinata,Supratman
Martadinata,Surapati
Martadinata,Surapati
Martadinata,TSM
Martadinata,TSM
Martadinata,TSM
Martadinata,UjungBerung
Martadinata,Viaduct
Martadinata,Viaduct
MetroIndahMall,LingkarSelatan
MochTohaAtas,KiaraCondong
MochTohaAtas,LuarBdg
MochTohaAtas,Punclut
Naripan,BragaCityWalk
Naripan,Cibadak
Naripan,GunungBatu
Naripan,KebonJati
Naripan,KebonJati
Naripan,LuarBdg
Naripan,PasarBaru
Naripan,Supratman
Naripan,TerusanJakarta
OtoIskandarDinata,Lengkong
OtoIskandarDinata,Lengkong
OtoIskandarDinata,Martadinata
Padasuka,UjungBerung
Pagarsih,BIP
Pagarsih,Pagarsih
Pagarsih,Pagarsih
Pagarsih,SetiabudiSelatan
Pahlawan,Laswi
Pajajaran,AHNasution
Pajajaran,Cicendo
Pajajaran,Djunjunan
Pajajaran,GatotSubroto
Pajajaran,IstanaPlaza
Pajajaran,LuarBdg
Pajajaran,MetroIndahMall
Pajajaran,PVJ
Pajajaran,StasiunKABandung
PasarBaru,ABC
PasarBaru,AHNasution
PasarBaru,Alunalun
PasarBaru,AsiaAfrika
PasarBaru,BandaraHusein
PasarBaru,BragaCityWalk
PasarBaru,Cipaganti
PasarBaru,Cipaganti
PasarBaru,Cipaganti
PasarBaru,DagoBawah
PasarBaru,Djunjunan
PasarBaru,Djunjunan
PasarBaru,Karapitan
PasarBaru,Karapitan
PasarBaru,KebonJati
PasarBaru,LapangTegaLega
PasarBaru,Malabar
PasarBaru,PasarBaru
PasarBaru,PasarBaru
PasarBaru,Peta
PasarBaru,Sukapura
PasarBaru,Tamansari
PasarBaru,Viaduct
PasirImpun,Cijambe
PasirImpun,Surapati
Peta,BragaCityWalk
Peta,DewiSartika
Peta,Karapitan
Peta,Leuwipanjang
Peta,LuarBdg
PHMustopha,AHNasution
PHMustopha,Suci
Punclut,BEC
Punclut,CIkutraBarat
Pungkur,BKR
Pungkur,Cipaganti
Pungkur,Cipagantibawah
Pungkur,ITB
PVJ,ABC
PVJ,AsiaAfrika
PVJ,BandaraHusein
PVJ,Bengawan
PVJ,Bengawan
PVJ,BIP
PVJ,BIP
PVJ,BIP
PVJ,BIP
PVJ,BIP
PVJ,Braga
PVJ,Braga
PVJ,Braga
PVJ,Braga
PVJ,BragaCityWalk
PVJ,BTC
PVJ,BuahBatu
PVJ,Cibadak
PVJ,Cibadak
PVJ,Cicaheum
PVJ,Cicendo
PVJ,Cigadung
PVJ,CihampelasAtas
PVJ,CihampelasAtas
PVJ,CihampelasAtas
PVJ,CihampelasAtas
PVJ,CihampelasAtas
PVJ,CihampelasAtas
PVJ,Cihampelasbawah
PVJ,Cihampelasbawah
PVJ,Cihampelasbawah
PVJ,Cijerah
PVJ,Cijerah
PVJ,CikutraTimur
PVJ,Cimahi
PVJ,Cipaganti
PVJ,Cipaganti
PVJ,Cipagantibawah
PVJ,Cipagantibawah
PVJ,Cipagantibawah
PVJ,Cisitu
PVJ,Ciumbeuleuit
PVJ,Ciumbeuleuit
PVJ,Ciumbeuleuit
PVJ,Ciumbeuleuit
PVJ,Ciwalk
PVJ,Ciwalk
PVJ,Ciwalk
PVJ,DagoAtas
PVJ,DagoAtas
PVJ,DagoAtas
PVJ,DagoTengah
PVJ,DagoTengah
PVJ,DagoTengah
PVJ,Djunjunan
PVJ,Djunjunan
PVJ,GatotSubroto
PVJ,Gedungsate
PVJ,GerlongHilir
PVJ,GerlongHilir
PVJ,GerlongHilir
PVJ,GTBuahBatu
PVJ,GunungBatu
PVJ,GunungBatu
PVJ,Hegarmanah
PVJ,Holis
PVJ,IstanaPlaza
PVJ,ITB
PVJ,KiaraCondong
PVJ,KiaraCondong
PVJ,KiaraCondong
PVJ,Kings
PVJ,Kosambi
PVJ,KPAD
PVJ,LapangTegaLega
PVJ,Laswi
PVJ,Laswi
PVJ,LebakSiliwangi
PVJ,LebakSiliwangi
PVJ,LebakSiliwangi
PVJ,LebakSiliwangi
PVJ,Lembong
PVJ,Lembong
PVJ,LuarBdg
PVJ,LuarBdg
PVJ,LuarBdg
PVJ,Margahayuraya
PVJ,Martadinata
PVJ,Martadinata
PVJ,Naripan
PVJ,Pagarsih
PVJ,Pajajaran
PVJ,Pajajaran
PVJ,Pajajaran
PVJ,Pajajaran
PVJ,Pajajaran
PVJ,Punclut
PVJ,PVJ
PVJ,PVJ
PVJ,PVJ
PVJ,PVJ
PVJ,PVJ
PVJ,PVJ
PVJ,PVJ
PVJ,PVJ
PVJ,PVJ
PVJ,PVJ
PVJ,PVJ
PVJ,PVJ
PVJ,PVJ
PVJ,PVJ
PVJ,PVJ
PVJ,PVJ
PVJ,PVJ
PVJ,PVJ
PVJ,PVJ
PVJ,PVJ
PVJ,RayaKopo
PVJ,RSHS
PVJ,RSHS
PVJ,RSHS
PVJ,RSHS
PVJ,RSHS
PVJ,RSHS
PVJ,RSHS
PVJ,RSHS
PVJ,RSHS
PVJ,RSHS
PVJ,Sarijadi
PVJ,Sederhana
PVJ,Sederhana
PVJ,Sederhana
PVJ,Sederhana
PVJ,Sederhana
PVJ,SetiabudiSelatan
PVJ,SetiabudiSelatan
PVJ,SetiabudiSelatan
PVJ,SetiabudiUtara
PVJ,Setrasari
PVJ,Setrasari
PVJ,Sidomukti
PVJ,StasiunKABandung
PVJ,StasiunKABandung
PVJ,StasiunKABandung
PVJ,StasiunKABandung
PVJ,Sukajadi
PVJ,Sukajadi
PVJ,Sukajadi
PVJ,Sukajadi
PVJ,Sukajadi
PVJ,Sukajadi
PVJ,Sukajadi
PVJ,Sukarasa
PVJ,Sukarasa
PVJ,Sukarasa
PVJ,Sukarasa
PVJ,Sukarasa
PVJ,SultanAgung
PVJ,Supratman
PVJ,Surapati
PVJ,Surapati
PVJ,Surapati
PVJ,SuryaSumantri
PVJ,Tamansari
PVJ,Tamansari
PVJ,Tamansari
PVJ,Tamansari
PVJ,Tamansari
PVJ,Tubagus
PVJ,UjungBerung
PVJ,Viaduct
RajawaliTimur,ABC
RajawaliTimur,Cipaganti
RajawaliTimur,Holis
RajawaliTimur,HOSCokro
RajawaliTimur,PasarBaru
Rancabali,Cipaganti
Rancabali,LuarBdg
Rancabali,PasarBaru
Rancabali,Rancabali
Rancabali,Rancabali
Rancabali,Rancabali
Rancabali,Rancabali
Rancabali,Rancabali
Rancabali,Rancabali
Rancabali,Rancabali
Rancabali,Rancabali
Rancabali,Rancabali
Rancabali,Rancabali
Rancabali,Rancabali
Rancabali,Rancabali
Rancabali,Rancabali
Rancabali,Rancabali
Rancabali,Rancabali
Rancabali,Rancabali
Rancabali,Rancabali
Rancabali,Rancabali
Rancabali,Rancabali
Rancabali,Rancabali
Rancabali,Rancabali
Rancabali,Tamansari
RayaKopo,Alunalun
RayaKopo,Burangrang
RayaKopo,DagoTengah
RayaKopo,GatotSubroto
RayaKopo,JalanAceh
RayaKopo,Kings
RayaKopo,Peta
RayaKopo,RSHS
RayaResort,BIP
RayaResort,Ciwalk
RayaResort,DagoAtas
RayaResort,DagoAtas
RayaResort,DagoAtas
RayaResort,DagoAtas
RayaResort,DagoAtas
RayaResort,DagoAtas
RayaResort,DagoAtas
RayaResort,Martadinata
RayaResort,PasirImpun
RayaResort,RayaResort
RayaResort,RayaResort
RayaResort,RSHS
RSHS,BandaraHusein
RSHS,Burangrang
RSHS,CihampelasAtas
RSHS,Cimahi
RSHS,Cipaganti
RSHS,Cipaganti
RSHS,Cipagantibawah
RSHS,Ciwaruga
RSHS,IstanaPlaza
RSHS,PVJ
RSHS,Rancabali
RSHS,RSHS
RSHS,RSHS
RSHS,RSHS
RSHS,SetiabudiSelatan
RSHS,SetiabudiSelatan
RSHS,SetiabudiSelatan
RSHS,SetiabudiUtara
RSHS,Setrasari
RSHS,Sukajadi
RSHS,Sukapura
RSHS,Surapati
RSHS,Tamansari
RSHS,Tamansari
RSHS,Tubagus
SadangSerang,Sunda
SadangSerang,Surapati
Samsat,Leuwipanjang
Sederhana,CihampelasAtas
Sederhana,Cipaganti
Sederhana,Ciumbeuleuit
Sederhana,Ciwalk
Sederhana,IstanaPlaza
Sederhana,Pajajaran
Sederhana,PVJ
Sederhana,RSHS
SersanBajuri,GatotSubroto
SersanBajuri,Setrasari
SersanBajuri,Sukajadi
SetiabudiSelatan,BandaraHusein
SetiabudiSelatan,BIP
SetiabudiSelatan,CihampelasAtas
SetiabudiSelatan,CihampelasAtas
SetiabudiSelatan,Cipagantibawah
SetiabudiSelatan,DalemKaum
SetiabudiSelatan,Martadinata
SetiabudiSelatan,RSHS
SetiabudiSelatan,SetiabudiUtara
SetiabudiSelatan,Setrasari
SetiabudiSelatan,Sukajadi
SetiabudiSelatan,TerusanJakarta
SetiabudiUtara,CihampelasAtas
SetiabudiUtara,CihampelasAtas
SetiabudiUtara,Ciwalk
SetiabudiUtara,Djunjunan
SetiabudiUtara,Elang
SetiabudiUtara,GatotSubroto
SetiabudiUtara,GerlongHilir
SetiabudiUtara,IstanaPlaza
SetiabudiUtara,ITB
SetiabudiUtara,LuarBdg
SetiabudiUtara,LuarBdg
SetiabudiUtara,RayaResort
SetiabudiUtara,Sarijadi
SetiabudiUtara,SetiabudiUtara
SetiabudiUtara,Sukajadi
SetiabudiUtara,Sukarasa
Setrasari,CihampelasAtas
Setrasari,DagoBawah
Setrasari,GunungBatu
Setrasari,KiaraCondong
Setrasari,Pajajaran
Setrasari,Setrasari
Setrasari,SuryaSumantri
Situsaeur,Cibaduyut
Situsaeur,ITB
Situsaeur,KebonJati
StasiunKABandung,AsiaAfrika
StasiunKABandung,BabakanCiparay
StasiunKABandung,BabakanCiparay
StasiunKABandung,BandaraHusein
StasiunKABandung,BIP
StasiunKABandung,BIP
StasiunKABandung,BKR
StasiunKABandung,Cibereum
StasiunKABandung,Cicadas
StasiunKABandung,Cicaheum
StasiunKABandung,Cigelereng
StasiunKABandung,CihampelasAtas
StasiunKABandung,Cimindi
StasiunKABandung,Cipaganti
StasiunKABandung,Cipaganti
StasiunKABandung,Cipaganti
StasiunKABandung,Cipagantibawah
StasiunKABandung,Cipagantibawah
StasiunKABandung,Cipedes
StasiunKABandung,Cisaranten
StasiunKABandung,Cisaranten
StasiunKABandung,CukangKawung
StasiunKABandung,DagoAtas
StasiunKABandung,DagoBawah
StasiunKABandung,DagoBawah
StasiunKABandung,DagoTengah
StasiunKABandung,Djunjunan
StasiunKABandung,Djunjunan
StasiunKABandung,Djunjunan
StasiunKABandung,Djunjunan
StasiunKABandung,Elang
StasiunKABandung,Elang
StasiunKABandung,Gardujati
StasiunKABandung,GatotSubroto
StasiunKABandung,GatotSubroto
StasiunKABandung,GerlongHilir
StasiunKABandung,GunungBatu
StasiunKABandung,HOSCokro
StasiunKABandung,HOSCokro
StasiunKABandung,IstanaPlaza
StasiunKABandung,IstanaPlaza
StasiunKABandung,IstanaPlaza
StasiunKABandung,ITB
StasiunKABandung,Jakarta
StasiunKABandung,JalanAceh
StasiunKABandung,JendralSudirman
StasiunKABandung,JendralSudirman
StasiunKABandung,Karapitan
StasiunKABandung,KebonJati
StasiunKABandung,KebonJati
StasiunKABandung,KebonJati
StasiunKABandung,KebonJati
StasiunKABandung,Kosambi
StasiunKABandung,Laswi
StasiunKABandung,LebakSiliwangi
StasiunKABandung,LebakSiliwangi
StasiunKABandung,Lodaya
StasiunKABandung,Lodaya
StasiunKABandung,LuarBdg
StasiunKABandung,LuarBdg
StasiunKABandung,LuarBdg
StasiunKABandung,LuarBdg
StasiunKABandung,LuarBdg
StasiunKABandung,LuarBdg
StasiunKABandung,Malabar
StasiunKABandung,Malabar
StasiunKABandung,Margacinta
StasiunKABandung,Martadinata
StasiunKABandung,Martadinata
StasiunKABandung,Martadinata
StasiunKABandung,Pajajaran
StasiunKABandung,Pajajaran
StasiunKABandung,Pajajaran
StasiunKABandung,PajajaranWayang
StasiunKABandung,PajajaranWayang
StasiunKABandung,Peta
StasiunKABandung,Peta
StasiunKABandung,Peta
StasiunKABandung,Polban
StasiunKABandung,PVJ
StasiunKABandung,Rancabali
StasiunKABandung,SetiabudiSelatan
StasiunKABandung,SetiabudiSelatan
StasiunKABandung,SetiabudiUtara
StasiunKABandung,SetiabudiUtara
StasiunKABandung,Setrasari
StasiunKABandung,Sidomukti
StasiunKABandung,Situsaeur
StasiunKABandung,StasiunKABandung
StasiunKABandung,StasiunKABandung
StasiunKABandung,StasiunKABandung
StasiunKABandung,StasiunKABandung
StasiunKABandung,StasiunKABandung
StasiunKABandung,StasiunKABandung
StasiunKABandung,StasiunKAKircon
StasiunKABandung,Sukajadi
StasiunKABandung,Sukajadi
StasiunKABandung,Sukajadi
StasiunKABandung,Surapati
StasiunKABandung,SuryaSumantri
StasiunKABandung,Tamansari
StasiunKABandung,TerusanBuahBatu
StasiunKABandung,TerusanJakarta
StasiunKABandung,TSM
StasiunKAKircon,StasiunKAKircon
Suci,Ciumbeuleuit
Suci,Laswi
Suci,Naripan
Suci,Suci
Suci,Supratman
Suci,Surapati
Suci,Surapati
Sukajadi,AHNasution
Sukajadi,AsiaAfrika
Sukajadi,BandaraHusein
Sukajadi,BIP
Sukajadi,BTC
Sukajadi,Cipagantibawah
Sukajadi,DagoAtas
Sukajadi,LebakSiliwangi
Sukajadi,LebakSiliwangi
Sukajadi,Lembong
Sukajadi,Martadinata
Sukajadi,PVJ
Sukajadi,PVJ
Sukajadi,PVJ
Sukajadi,PVJ
Sukajadi,PVJ
Sukajadi,RSHS
Sukajadi,RSHS
Sukajadi,RSHS
Sukajadi,RSHS
Sukajadi,Sederhana
Sukajadi,Surapati
Sukajadi,Tamansari
Sukajadi,Tamansari
Sukajadi,Tamansari
Sukamiskin,Cicadas
Sukamiskin,TerusanJakarta
Sukamiskin,TerusanJakarta
Sukarasa,Cihampelasbawah
Sukarasa,PVJ
Sukarasa,RajawaliTimur
Sukarasa,RSHS
Sukarasa,Tamansari
SultanAgung,DagoAtas
SultanAgung,Martadinata
SultanAgung,Martadinata
Sumatra,Alunalun
Sumatra,JendralSudirman
Sunda,CihampelasAtas
Sunda,Ciwalk
Sunda,TerusanJakarta
Supratman,Bengawan
Supratman,StasiunKABandung
Supratman,Supratman
Supratman,TSM
Surapati,BIP
Surapati,Cipaganti
Surapati,DagoAtas
Surapati,GatotSubroto
Surapati,Pahlawan
SuryaSumantri,BTC
SuryaSumantri,Cibadak
SuryaSumantri,Pajajaran
SuryaSumantri,PVJ
SuryaSumantri,Setrasari
SuryaSumantri,Setrasari
SuryaSumantri,Sukarasa
SuryaSumantri,TerusanJakarta
Tamansari,AHNasution
Tamansari,BEC
Tamansari,Cicadas
Tamansari,CihampelasAtas
Tamansari,CihampelasAtas
Tamansari,Cipaganti
Tamansari,Cipagantibawah
Tamansari,Cipagantibawah
Tamansari,DagoAtas
Tamansari,KebonJati
Tamansari,LuarBdg
Tamansari,MetroIndahMall
Tamansari,Pagarsih
Tamansari,RayaKopo
Tamansari,SuryaSumantri
Tamansari,Tamansari
TerminalLeuwipanjang,Cibadak
TerminalLeuwipanjang,Cibaduyut
TerminalLeuwipanjang,Cibiru
TerminalLeuwipanjang,Cibiru
TerminalLeuwipanjang,LapangTegaLega
TerminalLeuwipanjang,LuarBdg
TerminalLeuwipanjang,Peta
TerminalLeuwipanjang,RayaKopo
TerminalLeuwipanjang,UjungBerung
TerusanBuahBatu,Karapitan
TerusanBuahBatu,MetroIndahMall
TerusanBuahBatu,Pajajaran
TerusanJakarta,Arcamanik
TerusanJakarta,Braga
TerusanJakarta,Cihampelasbawah
TerusanJakarta,KebonJati
TerusanJakarta,LuarBdg
TerusanJakarta,Martadinata
TerusanJakarta,Sumatra
TSM,AsiaAfrika
TSM,BKR
TSM,BragaCityWalk
TSM,Cibaduyut
TSM,CihampelasAtas
TSM,Cipaganti
TSM,DipatiUkur
TSM,Gedebage
TSM,Leuwipanjang
TSM,Lodaya
TSM,LuarBdg
TSM,LuarBdg
TSM,Martadinata
TSM,Martadinata
TSM,MikoMall
TSM,PVJ
TSM,PVJ
TSM,StasiunKABandung
TSM,Supratman
TSM,TerusanJakarta
TSM,TSM
TSM,UjungBerung
Tubagus,BIP
Tubagus,DagoTengah
Tubagus,SetiabudiSelatan
Turangga,BKR
Turangga,Cigondewah
Turangga,Gardujati
Turangga,Pasirluyu
Unpad,BabakanCiparay
Unpad,Peta
Veteran,SetiabudiSelatan
Veteran,Veteran
Viaduct,Cibadak
Viaduct,Cijerah
Viaduct,Cipedes
Viaduct,CukangKawung
Viaduct,LuarBdg
Viaduct,LuarBdg
Viaduct,Martadinata
Viaduct,Martadinata
Viaduct,Naripan
Viaduct,Pajajaran
Viaduct,PasarBaru
Viaduct,PasarBaru
Viaduct,StasiunKABandung
Viaduct,Sumatra
Viaduct,Tamansari
